kapal_id,latitude,longitude,timestamp,intensity,jenis_operasi,jenis_ikan,suhu_laut_c,kecepatan_angin_mps,geometry,cluster
IMO-7482,-6.866963449478947,110.3068670457491,2025-05-13 16:10:00,9,Pukat Cincin,Bandeng,30.5,2.6,POINT (110.3068670457491 -6.866963449478947),2
IMO-8517,-6.487923971773424,110.41170178046136,2025-05-23 02:12:00,17,Gillnet,Cakalang,28.9,6.9,POINT (110.41170178046136 -6.487923971773424),0
IMO-5339,-6.690084730987467,110.4809951017541,2025-05-25 12:59:00,11,Gillnet,Tongkol,28.3,1.9,POINT (110.4809951017541 -6.690084730987467),0
IMO-5040,-6.322192808521507,110.35950849483368,2025-05-26 23:43:00,6,Rawai,Tongkol,26.8,7.5,POINT (110.35950849483368 -6.322192808521507),0
IMO-9830,-6.431317248335893,110.41217932142344,2025-05-27 05:22:00,3,Pukat Cincin,Kerapu,28.9,8.7,POINT (110.41217932142344 -6.431317248335893),2
IMO-5304,-6.527312901809659,110.52943253935742,2025-05-22 12:16:00,17,Gillnet,Bandeng,28.5,8.5,POINT (110.52943253935742 -6.527312901809659),0
IMO-8019,-6.634246804479025,110.4252189655648,2025-05-12 01:25:00,5,Gillnet,Cakalang,29.1,4.6,POINT (110.4252189655648 -6.634246804479025),2
IMO-7543,-6.796971344348027,110.02052460350228,2025-05-22 12:36:00,12,Gillnet,Cakalang,26.1,7.0,POINT (110.02052460350228 -6.796971344348027),0
IMO-4593,-6.59039605120101,110.27697326444574,2025-05-09 15:58:00,14,Rawai,Tongkol,30.7,3.6,POINT (110.27697326444574 -6.59039605120101),2
IMO-1771,-6.467739653878369,110.3783004222873,2025-05-17 02:59:00,3,Rawai,Tuna,26.8,1.2,POINT (110.3783004222873 -6.467739653878369),0
IMO-2796,-6.866849418230073,110.30271344678954,2025-05-20 06:39:00,3,Pancing Ulur,Tuna,28.9,2.6,POINT (110.30271344678954 -6.866849418230073),2
IMO-3504,-6.863569381302116,110.44151965225716,2025-05-19 17:01:00,1,Pancing Ulur,Cakalang,29.0,6.2,POINT (110.44151965225716 -6.863569381302116),2
IMO-3621,-6.736446593512576,110.57699809343734,2025-05-22 06:06:00,8,Gillnet,Kerapu,28.1,4.8,POINT (110.57699809343734 -6.736446593512576),2
IMO-2040,-6.610923661982486,110.27555256701876,2025-05-30 17:44:00,11,Pancing Ulur,Tuna,30.7,8.4,POINT (110.27555256701876 -6.610923661982486),2
IMO-7304,-6.546718628925425,110.32890227181672,2025-05-30 09:48:00,9,Pancing Ulur,Bandeng,30.6,4.1,POINT (110.32890227181672 -6.546718628925425),2
IMO-7252,-6.724540746907918,110.59040221876934,2025-05-05 11:29:00,5,Pukat Cincin,Kerapu,28.3,3.3,POINT (110.59040221876934 -6.724540746907918),2
IMO-8668,-6.4697298027041015,110.69051004949247,2025-05-03 18:12:00,14,Pancing Ulur,Tuna,26.6,4.4,POINT (110.69051004949247 -6.4697298027041015),0
IMO-5119,-6.43125684044963,110.51626282680716,2025-05-16 10:36:00,5,Gillnet,Cakalang,30.2,3.4,POINT (110.51626282680716 -6.43125684044963),2
IMO-9797,-6.847478392241333,110.51034740209302,2025-05-09 17:16:00,14,Rawai,Bandeng,30.3,6.0,POINT (110.51034740209302 -6.847478392241333),2
IMO-5371,-6.425598863905539,110.25797440841453,2025-05-09 15:45:00,4,Gillnet,Cakalang,28.6,4.9,POINT (110.25797440841453 -6.425598863905539),2
IMO-6573,-6.803888428179909,110.04246567761363,2025-05-25 09:46:00,13,Gillnet,Kerapu,29.0,3.7,POINT (110.04246567761363 -6.803888428179909),0
IMO-1053,-6.491386469628183,110.31841692944576,2025-05-22 01:18:00,8,Pancing Ulur,Tuna,27.7,9.1,POINT (110.31841692944576 -6.491386469628183),2
IMO-5315,-6.535347238569752,110.4523246111945,2025-05-12 08:51:00,14,Gillnet,Bandeng,28.0,8.2,POINT (110.4523246111945 -6.535347238569752),0
IMO-9201,-6.197570698185356,111.86715451133912,2025-05-04 10:20:00,19,Pancing Ulur,Kerapu,28.7,4.8,POINT (111.86715451133912 -6.197570698185356),0
IMO-3927,-6.013813183205184,112.27202227324965,2025-05-21 04:01:00,6,Pancing Ulur,Cakalang,30.6,1.2,POINT (112.27202227324965 -6.013813183205184),2
IMO-9317,-6.304637618717422,111.59258481300556,2025-05-26 01:06:00,1,Pukat Cincin,Cakalang,27.7,3.4,POINT (111.59258481300556 -6.304637618717422),2
IMO-2743,-6.010171402443801,112.31400645610852,2025-05-05 10:56:00,15,Gillnet,Tongkol,27.7,5.9,POINT (112.31400645610852 -6.010171402443801),0
IMO-5889,-6.247844959573952,111.93953515158474,2025-05-03 07:15:00,1,Rawai,Tongkol,29.7,6.7,POINT (111.93953515158474 -6.247844959573952),2
IMO-9317,-6.029205057786429,111.99908743420194,2025-05-30 16:18:00,17,Pukat Cincin,Bandeng,28.3,3.3,POINT (111.99908743420194 -6.029205057786429),0
IMO-4258,-6.254208092457708,111.86353147977596,2025-05-25 14:27:00,1,Rawai,Bandeng,27.1,2.3,POINT (111.86353147977596 -6.254208092457708),0
IMO-3504,-6.322618936581676,111.99036090289285,2025-05-01 16:07:00,15,Pancing Ulur,Tuna,28.3,8.5,POINT (111.99036090289285 -6.322618936581676),2
IMO-7126,-5.817536472032006,112.25422764519618,2025-05-05 05:52:00,2,Pancing Ulur,Tuna,26.7,9.9,POINT (112.25422764519618 -5.817536472032006),2
IMO-3646,-5.986954583490617,112.1541726202928,2025-05-11 18:11:00,14,Pukat Cincin,Bandeng,26.9,5.7,POINT (112.1541726202928 -5.986954583490617),0
IMO-9837,-6.558409020027043,112.09853729676009,2025-05-08 13:39:00,8,Pukat Cincin,Bandeng,28.5,2.5,POINT (112.09853729676009 -6.558409020027043),2
IMO-9689,-6.289354702357982,112.01777460122636,2025-05-19 11:54:00,8,Rawai,Kerapu,28.1,3.5,POINT (112.01777460122636 -6.289354702357982),0
IMO-1009,-5.959015415644285,111.71087800550558,2025-05-23 02:26:00,19,Gillnet,Tongkol,30.6,1.2,POINT (111.71087800550558 -5.959015415644285),0
IMO-6310,-6.4393320938427046,111.83117261729645,2025-05-22 21:46:00,7,Rawai,Tuna,27.8,9.2,POINT (111.83117261729645 -6.4393320938427046),2
IMO-9005,-6.045864334095378,111.93135975267376,2025-05-10 17:28:00,19,Pukat Cincin,Tongkol,28.9,2.1,POINT (111.93135975267376 -6.045864334095378),0
IMO-1319,-6.066588779306042,112.09153529088576,2025-05-19 06:02:00,6,Rawai,Tongkol,29.2,6.2,POINT (112.09153529088576 -6.066588779306042),2
IMO-2832,-6.339829315618384,112.01393053290376,2025-05-03 16:02:00,6,Pukat Cincin,Bandeng,26.1,3.5,POINT (112.01393053290376 -6.339829315618384),0
IMO-6947,-6.201763409249161,112.1967008612717,2025-05-08 11:49:00,3,Rawai,Kerapu,29.3,6.0,POINT (112.1967008612717 -6.201763409249161),2
IMO-6038,-6.6180035497260565,112.09472547754552,2025-05-18 05:56:00,7,Pukat Cincin,Cakalang,26.9,6.9,POINT (112.09472547754552 -6.6180035497260565),2
IMO-4923,-5.845913696686656,112.01087011558772,2025-05-01 02:21:00,19,Pukat Cincin,Kerapu,30.8,8.5,POINT (112.01087011558772 -5.845913696686656),2
IMO-1949,-6.261818501839384,112.45515225951344,2025-05-18 18:26:00,8,Pukat Cincin,Kerapu,26.7,2.9,POINT (112.45515225951344 -6.261818501839384),0
IMO-4946,-6.039237389724748,112.08124533701,2025-05-13 01:40:00,10,Gillnet,Tongkol,28.1,1.1,POINT (112.08124533701 -6.039237389724748),0
IMO-2290,-6.077231731704916,111.91361155967832,2025-05-21 16:59:00,20,Rawai,Kerapu,26.4,2.2,POINT (111.91361155967832 -6.077231731704916),0
IMO-2403,-5.928423842380003,112.3719934012974,2025-05-13 23:34:00,15,Rawai,Tuna,31.0,9.1,POINT (112.3719934012974 -5.928423842380003),2
IMO-8962,-6.286660681380512,112.24008230968268,2025-05-20 06:02:00,15,Rawai,Tongkol,28.5,8.9,POINT (112.24008230968268 -6.286660681380512),2
IMO-2133,-6.159235454494507,112.36321755804876,2025-05-26 07:02:00,1,Pukat Cincin,Tuna,29.0,6.4,POINT (112.36321755804876 -6.159235454494507),2
IMO-9727,-6.088178159477095,111.9778136128741,2025-05-23 03:34:00,20,Rawai,Cakalang,26.3,6.4,POINT (111.9778136128741 -6.088178159477095),0
IMO-3060,-6.025491681713905,112.1952618252962,2025-05-08 01:04:00,7,Rawai,Tongkol,29.7,7.0,POINT (112.1952618252962 -6.025491681713905),2
IMO-3103,-5.969129132318216,111.70943010818551,2025-05-09 15:25:00,4,Pukat Cincin,Cakalang,27.0,2.6,POINT (111.70943010818551 -5.969129132318216),0
IMO-8787,-6.2954763461150645,112.15680128218284,2025-05-14 12:05:00,6,Pancing Ulur,Tongkol,30.5,9.2,POINT (112.15680128218284 -6.2954763461150645),2
IMO-3705,-5.8315447916508205,108.22628197689164,2025-05-10 21:47:00,1,Pukat Cincin,Bandeng,27.0,4.8,POINT (108.22628197689164 -5.8315447916508205),0
IMO-5342,-6.071011591103586,108.60709836199504,2025-05-03 15:52:00,5,Rawai,Kerapu,27.0,4.4,POINT (108.60709836199504 -6.071011591103586),0
IMO-9645,-5.593479919196405,108.7120893628221,2025-05-27 08:37:00,1,Pukat Cincin,Bandeng,26.2,5.7,POINT (108.7120893628221 -5.593479919196405),0
IMO-7932,-6.162026264999203,108.80827419938365,2025-05-25 16:13:00,4,Pancing Ulur,Cakalang,28.4,1.4,POINT (108.80827419938365 -6.162026264999203),0
IMO-4470,-6.182541303412844,108.33442138421684,2025-05-03 18:34:00,2,Pukat Cincin,Kerapu,28.8,2.5,POINT (108.33442138421684 -6.182541303412844),0
IMO-9835,-5.727504708238939,108.4392271129138,2025-05-15 06:32:00,10,Rawai,Tongkol,26.3,7.6,POINT (108.4392271129138 -5.727504708238939),0
IMO-4295,-5.685730497934642,108.54846673721664,2025-05-03 14:26:00,5,Pancing Ulur,Kerapu,29.9,1.7,POINT (108.54846673721664 -5.685730497934642),0
IMO-6107,-5.605895235997358,108.90947978422604,2025-05-03 06:46:00,10,Gillnet,Tuna,28.3,6.4,POINT (108.90947978422604 -5.605895235997358),0
IMO-7537,-5.651607396694107,108.52297229364278,2025-05-27 14:04:00,1,Rawai,Kerapu,28.6,3.2,POINT (108.52297229364278 -5.651607396694107),0
IMO-7118,-5.504668274914074,108.8102525709466,2025-05-22 16:46:00,6,Pancing Ulur,Tuna,28.2,4.5,POINT (108.8102525709466 -5.504668274914074),0
IMO-8177,-5.659951409327516,108.53399458058146,2025-05-23 21:14:00,13,Pancing Ulur,Kerapu,28.0,3.6,POINT (108.53399458058146 -5.659951409327516),0
IMO-9479,-5.826459888788492,108.73064903728569,2025-05-25 04:07:00,15,Gillnet,Tuna,28.8,4.2,POINT (108.73064903728569 -5.826459888788492),0
IMO-8397,-5.814722223158381,108.70531596931042,2025-05-08 03:57:00,4,Pukat Cincin,Cakalang,26.8,7.5,POINT (108.70531596931042 -5.814722223158381),0
IMO-2982,-5.856444237797442,108.53321762650162,2025-05-03 14:07:00,13,Pukat Cincin,Bandeng,26.9,3.7,POINT (108.53321762650162 -5.856444237797442),0
IMO-5061,-5.740904495115363,108.29592335054755,2025-05-24 02:41:00,20,Rawai,Tongkol,30.3,6.1,POINT (108.29592335054755 -5.740904495115363),0
IMO-4681,-6.019469173713332,108.4461811124142,2025-05-04 15:30:00,15,Gillnet,Kerapu,30.7,5.3,POINT (108.4461811124142 -6.019469173713332),0
IMO-2049,-5.731815560288209,108.79780903477688,2025-05-09 10:58:00,8,Pukat Cincin,Bandeng,27.9,7.0,POINT (108.79780903477688 -5.731815560288209),0
IMO-6539,-5.817282701366323,108.67556503369602,2025-05-04 02:50:00,5,Gillnet,Tongkol,27.4,9.4,POINT (108.67556503369602 -5.817282701366323),0
IMO-1344,-5.744872968422518,108.41326993464564,2025-05-28 01:56:00,15,Pukat Cincin,Tongkol,29.2,7.6,POINT (108.41326993464564 -5.744872968422518),0
IMO-4770,-5.744255393005868,108.43153827227512,2025-05-04 02:13:00,4,Pancing Ulur,Tuna,28.0,2.9,POINT (108.43153827227512 -5.744255393005868),0
IMO-4608,-6.290452920263147,108.15382537924688,2025-05-11 16:54:00,12,Pukat Cincin,Cakalang,26.1,1.3,POINT (108.15382537924688 -6.290452920263147),0
IMO-1117,-5.980258763732934,108.78886775839636,2025-05-19 09:01:00,13,Gillnet,Cakalang,26.8,3.4,POINT (108.78886775839636 -5.980258763732934),0
IMO-2163,-5.821725732817771,108.67721271204924,2025-05-06 10:56:00,2,Pancing Ulur,Bandeng,29.6,6.4,POINT (108.67721271204924 -5.821725732817771),2
IMO-1964,-5.811096991659535,108.47258443579165,2025-05-26 22:14:00,19,Pancing Ulur,Cakalang,29.3,1.5,POINT (108.47258443579165 -5.811096991659535),0
IMO-4750,-5.748122138200061,108.54002688383468,2025-05-12 04:55:00,19,Pancing Ulur,Kerapu,26.1,5.5,POINT (108.54002688383468 -5.748122138200061),0
IMO-2104,-5.739530341933671,108.06582683437392,2025-05-27 08:20:00,4,Gillnet,Cakalang,27.1,6.4,POINT (108.06582683437392 -5.739530341933671),0
IMO-1514,-5.496753335413221,108.40265710079144,2025-05-28 01:22:00,4,Rawai,Bandeng,27.2,4.0,POINT (108.40265710079144 -5.496753335413221),0
IMO-6413,-5.737508303780411,108.76688912817282,2025-05-02 19:24:00,11,Rawai,Cakalang,29.4,7.9,POINT (108.76688912817282 -5.737508303780411),0
IMO-2160,-5.862604741643288,108.696309475346,2025-05-29 04:31:00,5,Rawai,Kerapu,26.1,2.0,POINT (108.696309475346 -5.862604741643288),0
IMO-9423,-6.119824694507496,108.5661401114128,2025-05-04 17:32:00,20,Gillnet,Tuna,26.5,1.7,POINT (108.5661401114128 -6.119824694507496),0
AIS-1001,-7.731149016992993,107.84540135088577,2025-05-11 08:38:38,11,Pancing Ulur,Kerapu,30.3,5.8,POINT (107.84540135088577 -7.731149016992993),1
AIS-1002,-7.691430613213166,105.23010893126832,2025-05-15 06:32:08,6,Gillnet,Kerapu,29.0,5.7,POINT (105.23010893126832 -7.691430613213166),1
AIS-1004,-7.924476785621863,106.93319109210272,2025-05-27 22:47:56,6,Pancing Ulur,Kerapu,26.5,8.3,POINT (106.93319109210272 -7.924476785621863),1
AIS-1005,-6.447931564227459,113.52223563377252,2025-05-24 04:42:46,1,Gillnet,Tuna,30.7,3.5,POINT (113.52223563377252 -6.447931564227459),2
AIS-1007,-6.227880405681127,110.11127975939596,2025-05-06 06:49:18,2,Gillnet,Tuna,28.5,7.1,POINT (110.11127975939596 -6.227880405681127),2
AIS-1009,-8.495412550362072,109.6358410170641,2025-05-17 12:56:03,11,Gillnet,Bandeng,29.1,2.9,POINT (109.6358410170641 -8.495412550362072),1
AIS-1014,-6.209528780391155,112.2695292758388,2025-05-14 03:58:26,7,Pukat Cincin,Bandeng,27.1,9.4,POINT (112.2695292758388 -6.209528780391155),2
AIS-1017,-7.3481455634112,105.3496360824022,2025-05-15 14:04:06,1,Pukat Cincin,Cakalang,28.7,8.8,POINT (105.3496360824022 -7.3481455634112),1
AIS-1018,-7.5321176560716,105.58135192436168,2025-05-17 16:06:24,12,Pukat Cincin,Tuna,27.4,1.7,POINT (105.58135192436168 -7.5321176560716),1
AIS-1023,-7.802617508280321,108.502976644595,2025-05-07 21:41:05,15,Rawai,Tuna,30.1,9.6,POINT (108.502976644595 -7.802617508280321),1
AIS-1024,-5.970194882122231,114.47896540805247,2025-05-22 02:57:49,4,Rawai,Kerapu,28.4,9.3,POINT (114.47896540805247 -5.970194882122231),2
AIS-1025,-8.334167226386374,108.37048058709576,2025-05-21 00:10:44,4,Pukat Cincin,Tuna,29.9,2.1,POINT (108.37048058709576 -8.334167226386374),1
AIS-1026,-8.458323001101972,113.24805581961472,2025-05-02 02:37:05,18,Gillnet,Cakalang,29.6,3.6,POINT (113.24805581961472 -8.458323001101972),1
AIS-1029,-5.54041339941265,111.27194467996198,2025-05-22 21:23:50,6,Pancing Ulur,Tongkol,30.7,6.6,POINT (111.27194467996198 -5.54041339941265),2
AIS-1031,-6.237923265351869,109.1844361431065,2025-05-21 22:06:28,16,Rawai,Tongkol,26.0,7.7,POINT (109.1844361431065 -6.237923265351869),0
AIS-1032,-5.5008529375154165,109.78645304488568,2025-05-24 21:17:02,1,Gillnet,Tongkol,27.9,0.7,POINT (109.78645304488568 -5.5008529375154165),0
AIS-1034,-6.630098378068874,114.436825859075,2025-05-20 20:41:36,1,Rawai,Bandeng,30.0,3.5,POINT (114.436825859075 -6.630098378068874),2
AIS-1036,-7.177506967332125,114.61227708442291,2025-05-28 16:45:45,5,Pancing Ulur,Bandeng,27.6,2.3,POINT (114.61227708442291 -7.177506967332125),2
AIS-1037,-7.894446581534064,106.7314993624194,2025-05-20 09:44:35,6,Pancing Ulur,Tongkol,28.8,0.7,POINT (106.7314993624194 -7.894446581534064),1
AIS-1038,-6.2399260585180105,109.42561644823506,2025-05-16 15:16:35,17,Gillnet,Tuna,27.3,5.2,POINT (109.42561644823506 -6.2399260585180105),0
AIS-1039,-7.814842657721568,105.25309994620557,2025-05-04 06:08:34,1,Pancing Ulur,Tongkol,27.8,7.8,POINT (105.25309994620557 -7.814842657721568),1
AIS-1041,-5.845498012885071,106.34156438941407,2025-05-04 01:36:21,8,Pancing Ulur,Tongkol,28.4,7.1,POINT (106.34156438941407 -5.845498012885071),0
AIS-1042,-8.111668907113156,105.21772802929662,2025-05-14 03:11:29,6,Gillnet,Bandeng,26.3,3.3,POINT (105.21772802929662 -8.111668907113156),1
AIS-1043,-8.498476301273596,105.61248146248764,2025-05-16 11:06:05,11,Pukat Cincin,Bandeng,27.4,1.5,POINT (105.61248146248764 -8.498476301273596),1
AIS-1044,-7.750315268854079,105.1335139544841,2025-05-11 03:11:55,6,Pukat Cincin,Kerapu,26.7,1.9,POINT (105.1335139544841 -7.750315268854079),1
AIS-1045,-5.50038625133854,107.57965641405764,2025-05-19 06:54:10,15,Pukat Cincin,Cakalang,27.1,1.8,POINT (107.57965641405764 -5.50038625133854),0
AIS-1046,-5.54156221449332,111.1314220961169,2025-05-21 13:37:56,11,Rawai,Tuna,26.2,2.1,POINT (111.1314220961169 -5.54156221449332),0
AIS-1048,-6.637843348603233,110.184569570359,2025-05-27 04:39:24,5,Pukat Cincin,Tongkol,27.8,5.6,POINT (110.184569570359 -6.637843348603233),2
AIS-1050,-8.11423321379241,106.20158566456612,2025-05-21 14:27:46,6,Pukat Cincin,Tuna,28.3,5.3,POINT (106.20158566456612 -8.11423321379241),1
AIS-1053,-6.21209964141819,112.52619561727928,2025-05-01 03:55:23,13,Pukat Cincin,Bandeng,26.6,8.4,POINT (112.52619561727928 -6.21209964141819),0
AIS-1055,-8.014904603231003,108.56734098680144,2025-05-11 12:13:17,10,Pancing Ulur,Tuna,28.4,2.5,POINT (108.56734098680144 -8.014904603231003),1
AIS-1056,-7.705137945773484,107.10388597209368,2025-05-08 05:35:58,18,Pancing Ulur,Cakalang,26.7,3.3,POINT (107.10388597209368 -7.705137945773484),1
AIS-1057,-7.378765831602018,114.37313978206936,2025-05-19 09:13:53,17,Pukat Cincin,Kerapu,30.9,7.9,POINT (114.37313978206936 -7.378765831602018),2
AIS-1060,-5.720973423263599,112.65628396798785,2025-05-26 18:57:15,16,Pukat Cincin,Tuna,26.6,2.8,POINT (112.65628396798785 -5.720973423263599),0
AIS-1063,-7.699418422874541,113.68969474853256,2025-05-06 19:03:28,19,Rawai,Cakalang,30.3,2.9,POINT (113.68969474853256 -7.699418422874541),2
AIS-1066,-5.644008440874726,106.4336870756094,2025-05-06 09:18:30,5,Pancing Ulur,Cakalang,26.2,6.1,POINT (106.4336870756094 -5.644008440874726),0
AIS-1067,-8.203411689452066,108.7098370337968,2025-05-01 19:17:09,8,Rawai,Tuna,30.9,1.8,POINT (108.7098370337968 -8.203411689452066),1
AIS-1068,-5.755530869234611,114.26434190576104,2025-05-26 03:27:56,6,Pancing Ulur,Tongkol,30.0,0.7,POINT (114.26434190576104 -5.755530869234611),2
AIS-1069,-5.731992381606021,105.5158488865464,2025-05-04 14:01:03,2,Pukat Cincin,Bandeng,26.8,2.1,POINT (105.5158488865464 -5.731992381606021),0
AIS-1070,-6.454981071281539,105.28112432655632,2025-05-08 23:03:53,9,Pukat Cincin,Tuna,27.1,8.2,POINT (105.28112432655632 -6.454981071281539),0
AIS-1072,-8.134876377924234,108.36713698971106,2025-05-07 18:27:48,3,Pukat Cincin,Tongkol,29.4,2.3,POINT (108.36713698971106 -8.134876377924234),1
AIS-1073,-5.846795043013019,109.284537727043,2025-05-10 01:56:39,6,Pancing Ulur,Kerapu,27.1,8.2,POINT (109.284537727043 -5.846795043013019),0
AIS-1074,-6.672504679489334,109.03550422610653,2025-05-28 17:31:13,2,Pukat Cincin,Tongkol,28.8,5.1,POINT (109.03550422610653 -6.672504679489334),2
AIS-1079,-6.428549097879118,108.66940932154048,2025-05-29 03:30:15,13,Pukat Cincin,Tuna,29.1,9.8,POINT (108.66940932154048 -6.428549097879118),2
AIS-1080,-5.634264663775539,109.49458138939168,2025-05-06 14:57:03,3,Pukat Cincin,Bandeng,27.8,7.2,POINT (109.49458138939168 -5.634264663775539),0
AIS-1081,-6.438921311701051,111.06965569424032,2025-05-08 11:50:09,2,Pukat Cincin,Tuna,30.1,3.6,POINT (111.06965569424032 -6.438921311701051),2
AIS-1082,-8.162394953798982,109.81166892391482,2025-05-01 09:10:53,5,Gillnet,Cakalang,28.6,8.7,POINT (109.81166892391482 -8.162394953798982),1
AIS-1083,-6.38133196840039,113.76343142002332,2025-05-19 09:44:47,14,Pancing Ulur,Kerapu,29.5,3.1,POINT (113.76343142002332 -6.38133196840039),2
AIS-1087,-8.455645882799635,107.14476358589164,2025-05-24 05:53:54,2,Pancing Ulur,Bandeng,26.9,1.4,POINT (107.14476358589164 -8.455645882799635),1
AIS-1088,-5.857925572708346,112.30323046460704,2025-05-18 12:50:19,13,Gillnet,Tongkol,30.4,9.6,POINT (112.30323046460704 -5.857925572708346),2
AIS-1094,-5.513588015510013,106.4551214031511,2025-05-25 17:43:36,9,Rawai,Cakalang,28.9,1.1,POINT (106.4551214031511 -5.513588015510013),0
AIS-1095,-8.132149842306918,107.34210032423886,2025-05-12 13:16:52,13,Pukat Cincin,Bandeng,27.2,4.6,POINT (107.34210032423886 -8.132149842306918),1
AIS-1098,-8.157539849920319,107.9402792338918,2025-05-25 02:43:10,3,Gillnet,Cakalang,28.7,1.0,POINT (107.9402792338918 -8.157539849920319),1
AIS-1099,-6.059098134656526,105.3863691404557,2025-05-08 07:36:49,19,Gillnet,Bandeng,26.2,2.3,POINT (105.3863691404557 -6.059098134656526),0
AIS-1101,-6.092700386708359,114.26334450884576,2025-05-16 07:45:09,10,Rawai,Bandeng,27.6,5.6,POINT (114.26334450884576 -6.092700386708359),2
AIS-1103,-7.806855278670632,106.76758360170597,2025-05-06 15:16:51,5,Rawai,Tuna,30.6,2.5,POINT (106.76758360170597 -7.806855278670632),1
AIS-1104,-7.379327632616639,105.15128532176678,2025-05-06 19:19:44,13,Pukat Cincin,Tuna,28.6,7.2,POINT (105.15128532176678 -7.379327632616639),1
AIS-1105,-6.054371716599771,105.06562466154338,2025-05-29 16:40:35,13,Rawai,Tongkol,26.4,7.0,POINT (105.06562466154338 -6.054371716599771),0
AIS-1108,-7.463984380026875,105.96429467636948,2025-05-13 06:18:28,10,Rawai,Kerapu,28.1,6.6,POINT (105.96429467636948 -7.463984380026875),1
AIS-1109,-5.921801223074918,111.54309618161884,2025-05-20 08:01:50,14,Pancing Ulur,Tongkol,28.1,8.9,POINT (111.54309618161884 -5.921801223074918),0
AIS-1110,-6.383088229646262,109.48595957465793,2025-05-05 11:36:46,15,Rawai,Cakalang,29.6,4.2,POINT (109.48595957465793 -6.383088229646262),0
AIS-1112,-5.79419982730362,107.807876372523,2025-05-24 01:07:41,7,Rawai,Tongkol,28.2,2.6,POINT (107.807876372523 -5.79419982730362),0
AIS-1113,-8.09513827144125,114.58714623691618,2025-05-20 06:19:43,7,Gillnet,Cakalang,30.3,7.5,POINT (114.58714623691618 -8.09513827144125),2
AIS-1114,-7.186989582823572,106.26599342494458,2025-05-13 17:28:42,3,Rawai,Tuna,30.1,2.7,POINT (106.26599342494458 -7.186989582823572),1
AIS-1116,-8.482260984193912,113.3663383212341,2025-05-15 06:55:19,13,Pancing Ulur,Tongkol,27.4,6.6,POINT (113.3663383212341 -8.482260984193912),1
AIS-1120,-5.712040005222464,105.89274624144656,2025-05-12 09:58:09,16,Gillnet,Cakalang,26.3,8.8,POINT (105.89274624144656 -5.712040005222464),0
AIS-1121,-6.825682094274868,110.1390012037813,2025-05-20 12:01:28,16,Pukat Cincin,Cakalang,26.3,1.6,POINT (110.1390012037813 -6.825682094274868),0
AIS-1123,-7.580038783669218,106.71666263012334,2025-05-12 10:42:10,17,Gillnet,Tongkol,30.7,7.4,POINT (106.71666263012334 -7.580038783669218),1
AIS-1126,-7.638657206816255,107.03075450705738,2025-05-05 06:19:38,6,Gillnet,Cakalang,28.1,5.8,POINT (107.03075450705738 -7.638657206816255),1
AIS-1127,-5.800995595290987,106.53174834844783,2025-05-20 09:52:27,14,Rawai,Cakalang,27.6,4.4,POINT (106.53174834844783 -5.800995595290987),0
AIS-1128,-8.053296408209413,106.39963903399608,2025-05-23 21:23:20,5,Gillnet,Tuna,26.5,7.0,POINT (106.39963903399608 -8.053296408209413),1
AIS-1129,-7.401349729463826,105.44333330884244,2025-05-21 23:30:25,3,Rawai,Bandeng,27.5,1.5,POINT (105.44333330884244 -7.401349729463826),1
AIS-1131,-7.050693407062685,114.23586399929134,2025-05-19 07:01:09,17,Pancing Ulur,Tongkol,26.4,2.0,POINT (114.23586399929134 -7.050693407062685),0
AIS-1134,-5.528567717039748,108.28433577143554,2025-05-11 19:45:51,11,Rawai,Tuna,30.8,1.2,POINT (108.28433577143554 -5.528567717039748),0
AIS-1136,-5.7936892253550845,108.6398063064619,2025-05-23 21:02:13,19,Pancing Ulur,Cakalang,28.7,4.9,POINT (108.6398063064619 -5.7936892253550845),0
AIS-1137,-6.277202587699076,112.79470542606914,2025-05-02 18:30:12,15,Pancing Ulur,Tongkol,29.1,7.5,POINT (112.79470542606914 -6.277202587699076),2
AIS-1139,-8.294722004439006,105.26956504317494,2025-05-21 23:53:41,15,Pukat Cincin,Kerapu,30.8,1.3,POINT (105.26956504317494 -8.294722004439006),1
AIS-1141,-5.665037268989231,110.74000669523916,2025-05-08 06:54:44,6,Pukat Cincin,Kerapu,27.9,6.8,POINT (110.74000669523916 -5.665037268989231),0
AIS-1142,-7.685848356951622,114.29739159437348,2025-05-26 13:33:22,6,Pukat Cincin,Bandeng,30.4,8.8,POINT (114.29739159437348 -7.685848356951622),2
AIS-1143,-5.780970307441049,114.07999177796955,2025-05-08 09:32:58,7,Pukat Cincin,Kerapu,28.3,4.1,POINT (114.07999177796955 -5.780970307441049),2
AIS-1144,-7.232001954930173,113.19212107300513,2025-05-03 03:53:34,10,Gillnet,Kerapu,30.7,2.1,POINT (113.19212107300513 -7.232001954930173),2
AIS-1145,-7.781852374663961,109.00625875064516,2025-05-10 07:13:13,19,Rawai,Tuna,30.2,3.0,POINT (109.00625875064516 -7.781852374663961),1
AIS-1146,-6.5218016306162285,114.0810545170072,2025-05-05 03:31:57,13,Gillnet,Tuna,30.3,5.9,POINT (114.0810545170072 -6.5218016306162285),2
AIS-1147,-6.054787762457025,113.13891362416364,2025-05-27 01:39:28,18,Gillnet,Cakalang,26.1,4.9,POINT (113.13891362416364 -6.054787762457025),0
AIS-1148,-5.620696040849048,109.48705701302266,2025-05-07 13:38:14,14,Pukat Cincin,Tongkol,30.4,3.6,POINT (109.48705701302266 -5.620696040849048),0
AIS-1149,-7.941657935882992,108.24253490140303,2025-05-14 22:51:38,14,Rawai,Bandeng,29.2,9.1,POINT (108.24253490140303 -7.941657935882992),1
AIS-1150,-6.068869781537112,110.4899158544264,2025-05-10 09:04:55,12,Rawai,Tuna,27.0,2.3,POINT (110.4899158544264 -6.068869781537112),0
AIS-1153,-5.680771470877799,106.61395200055122,2025-05-17 17:02:30,3,Pancing Ulur,Tuna,29.4,3.9,POINT (106.61395200055122 -5.680771470877799),0
AIS-1154,-5.592326696265737,112.46497393720158,2025-05-10 23:23:32,3,Pukat Cincin,Bandeng,27.7,2.5,POINT (112.46497393720158 -5.592326696265737),0
AIS-1155,-5.857371731570827,108.62718426724516,2025-05-10 10:46:49,6,Rawai,Tongkol,26.1,5.1,POINT (108.62718426724516 -5.857371731570827),0
AIS-1157,-5.682088720151286,109.00724020009184,2025-05-12 15:01:53,8,Gillnet,Cakalang,28.9,5.6,POINT (109.00724020009184 -5.682088720151286),0
AIS-1160,-5.731456635983738,112.48790124521392,2025-05-15 10:27:07,7,Pukat Cincin,Bandeng,30.7,5.5,POINT (112.48790124521392 -5.731456635983738),2
AIS-1162,-6.700675239257567,108.67489178437197,2025-05-25 03:49:12,10,Pancing Ulur,Kerapu,31.0,0.6,POINT (108.67489178437197 -6.700675239257567),2
AIS-1163,-5.910174737712969,107.13066076641672,2025-05-07 02:42:20,15,Pancing Ulur,Kerapu,26.6,5.7,POINT (107.13066076641672 -5.910174737712969),0
AIS-1165,-7.9973343486284865,114.91435399701048,2025-05-26 11:21:48,4,Gillnet,Cakalang,28.8,5.2,POINT (114.91435399701048 -7.9973343486284865),2
AIS-1167,-6.505451450838397,114.66998860492852,2025-05-11 23:38:45,8,Pukat Cincin,Tuna,28.7,5.1,POINT (114.66998860492852 -6.505451450838397),2
AIS-1170,-8.194962422576458,107.08381196216246,2025-05-09 15:08:00,18,Rawai,Tongkol,26.7,5.8,POINT (107.08381196216246 -8.194962422576458),1
AIS-1171,-5.7044679974610775,114.93663322486782,2025-05-15 07:47:18,1,Rawai,Tuna,28.7,2.7,POINT (114.93663322486782 -5.7044679974610775),2
AIS-1172,-6.205899882705639,108.88753039471716,2025-05-09 08:44:33,15,Rawai,Cakalang,29.6,1.7,POINT (108.88753039471716 -6.205899882705639),0
AIS-1173,-7.491359949961542,107.25892471118912,2025-05-17 04:12:59,2,Gillnet,Tuna,28.7,1.7,POINT (107.25892471118912 -7.491359949961542),1
AIS-1174,-8.058048052103548,108.89338983320114,2025-05-13 04:17:36,12,Gillnet,Kerapu,28.3,0.8,POINT (108.89338983320114 -8.058048052103548),1
AIS-1175,-7.344868621816358,113.29066103330108,2025-05-13 08:52:34,5,Rawai,Tuna,27.9,7.3,POINT (113.29066103330108 -7.344868621816358),2
AIS-1179,-7.885313723644424,109.72227679237956,2025-05-04 11:52:31,7,Pancing Ulur,Kerapu,29.3,6.8,POINT (109.72227679237956 -7.885313723644424),1
AIS-1181,-7.514847851840705,105.63376587230856,2025-05-21 11:23:23,19,Pukat Cincin,Cakalang,27.1,7.6,POINT (105.63376587230856 -7.514847851840705),1
AIS-1182,-6.386437480771008,113.28961206660448,2025-05-10 18:41:23,9,Rawai,Cakalang,30.1,8.6,POINT (113.28961206660448 -6.386437480771008),2
AIS-1184,-5.728857140196231,112.17010045046356,2025-05-12 00:03:12,9,Pukat Cincin,Tongkol,29.5,8.8,POINT (112.17010045046356 -5.728857140196231),2
AIS-1185,-5.502673241664548,109.89780949206668,2025-05-05 07:25:39,4,Pukat Cincin,Kerapu,28.2,0.9,POINT (109.89780949206668 -5.502673241664548),0
AIS-1186,-8.135959531327837,105.68284965718394,2025-05-27 00:20:48,1,Gillnet,Tuna,28.0,4.7,POINT (105.68284965718394 -8.135959531327837),1
AIS-1188,-6.114866113110662,112.43535500489152,2025-05-03 03:00:32,14,Pukat Cincin,Tuna,28.8,8.2,POINT (112.43535500489152 -6.114866113110662),2
AIS-1189,-6.16625031660323,107.55906295468915,2025-05-02 23:40:17,2,Pukat Cincin,Bandeng,27.5,7.2,POINT (107.55906295468915 -6.16625031660323),0
AIS-1190,-5.653386899983863,112.71206594856136,2025-05-02 11:27:51,14,Pancing Ulur,Kerapu,26.6,2.4,POINT (112.71206594856136 -5.653386899983863),0
AIS-1192,-5.6907789806583935,109.82814601844248,2025-05-15 13:00:37,19,Pancing Ulur,Tongkol,29.4,3.9,POINT (109.82814601844248 -5.6907789806583935),0
AIS-1193,-7.403631328928514,113.44041067917942,2025-05-21 00:39:01,16,Pancing Ulur,Tongkol,29.5,4.2,POINT (113.44041067917942 -7.403631328928514),2
AIS-1194,-6.533280976801707,114.80064851179104,2025-05-07 16:19:34,5,Pancing Ulur,Tuna,26.9,5.3,POINT (114.80064851179104 -6.533280976801707),2
AIS-1196,-5.654909475037394,111.2493243557652,2025-05-14 08:25:59,19,Gillnet,Tongkol,28.4,2.8,POINT (111.2493243557652 -5.654909475037394),0
AIS-1197,-8.288771989031405,106.56355422950432,2025-05-25 00:43:57,7,Gillnet,Tuna,30.8,4.2,POINT (106.56355422950432 -8.288771989031405),1
AIS-1199,-6.726273434964414,109.997285714768,2025-05-24 12:05:03,4,Pancing Ulur,Bandeng,27.4,6.5,POINT (109.997285714768 -6.726273434964414),2
AIS-1200,-8.284533020584453,110.2039905559777,2025-05-25 15:32:05,2,Gillnet,Bandeng,30.6,1.2,POINT (110.2039905559777 -8.284533020584453),1
AIS-1201,-7.3304869065218465,114.52592815300484,2025-05-23 00:13:59,4,Rawai,Kerapu,30.0,9.1,POINT (114.52592815300484 -7.3304869065218465),2
AIS-1204,-5.727650338736487,114.68345293303136,2025-05-18 08:07:56,13,Rawai,Tongkol,26.1,4.3,POINT (114.68345293303136 -5.727650338736487),0
AIS-1205,-6.118612474596908,110.69588646054233,2025-05-04 12:49:00,8,Pukat Cincin,Cakalang,27.2,3.8,POINT (110.69588646054233 -6.118612474596908),0
AIS-1206,-5.822515433434036,111.89914201101864,2025-05-26 05:43:06,2,Pukat Cincin,Cakalang,27.4,6.2,POINT (111.89914201101864 -5.822515433434036),2
AIS-1211,-7.857731543219729,109.68206796098524,2025-05-20 11:12:34,4,Pukat Cincin,Cakalang,27.1,6.4,POINT (109.68206796098524 -7.857731543219729),1
AIS-1213,-5.665673208739408,111.5294080060998,2025-05-02 19:35:58,17,Gillnet,Kerapu,29.5,2.3,POINT (111.5294080060998 -5.665673208739408),0
AIS-1214,-5.571576173072007,107.98908703249369,2025-05-27 02:55:29,15,Pancing Ulur,Tuna,28.5,6.9,POINT (107.98908703249369 -5.571576173072007),0
AIS-1215,-8.382974699026246,110.4856492885194,2025-05-08 20:53:09,14,Pancing Ulur,Tongkol,30.8,6.4,POINT (110.4856492885194 -8.382974699026246),1
AIS-1216,-5.849275562054849,114.0261822880164,2025-05-29 18:38:43,4,Pukat Cincin,Tuna,26.8,4.7,POINT (114.0261822880164 -5.849275562054849),2
AIS-1220,-6.859023449872625,110.54387075915962,2025-05-09 10:53:04,8,Gillnet,Bandeng,28.7,3.1,POINT (110.54387075915962 -6.859023449872625),2
AIS-1222,-6.156893080860117,108.11466892140436,2025-05-06 12:33:40,18,Gillnet,Bandeng,29.3,9.2,POINT (108.11466892140436 -6.156893080860117),0
AIS-1223,-8.292443176557173,110.75511303395656,2025-05-08 18:59:05,17,Pancing Ulur,Cakalang,27.7,2.2,POINT (110.75511303395656 -8.292443176557173),1
AIS-1226,-5.786266901027667,111.52210349209189,2025-05-06 18:53:59,16,Pancing Ulur,Cakalang,29.7,3.8,POINT (111.52210349209189 -5.786266901027667),0
AIS-1227,-5.892910783968379,106.62909173304922,2025-05-15 05:45:06,12,Pancing Ulur,Tongkol,26.4,1.1,POINT (106.62909173304922 -5.892910783968379),0
AIS-1228,-6.757686217288123,109.09843534530783,2025-05-24 16:23:55,11,Gillnet,Tongkol,29.5,9.9,POINT (109.09843534530783 -6.757686217288123),2
AIS-1229,-7.894126618496714,107.33616229309229,2025-05-06 16:40:33,19,Gillnet,Cakalang,26.7,1.7,POINT (107.33616229309229 -7.894126618496714),1
AIS-1230,-7.273611649214786,114.8589719533908,2025-05-22 03:15:24,2,Rawai,Tongkol,30.1,8.0,POINT (114.8589719533908 -7.273611649214786),2
AIS-1231,-5.685428179504679,107.58285239578052,2025-05-05 19:45:21,8,Pancing Ulur,Tongkol,27.2,0.6,POINT (107.58285239578052 -5.685428179504679),0
AIS-1232,-6.536088638540408,114.6729809675524,2025-05-21 17:19:45,3,Rawai,Bandeng,29.4,9.4,POINT (114.6729809675524 -6.536088638540408),2
AIS-1234,-7.097433699367565,105.88975594806148,2025-05-28 01:39:42,13,Gillnet,Tongkol,26.2,4.6,POINT (105.88975594806148 -7.097433699367565),1
AIS-1235,-6.414942763438351,110.89447897119042,2025-05-06 09:07:19,7,Pukat Cincin,Kerapu,29.3,1.5,POINT (110.89447897119042 -6.414942763438351),2
AIS-1237,-6.6597535176376805,112.53709563776552,2025-05-09 00:40:38,12,Gillnet,Cakalang,26.6,7.3,POINT (112.53709563776552 -6.6597535176376805),0
AIS-1238,-7.008995802477903,114.2514424053294,2025-05-29 20:15:57,14,Rawai,Kerapu,28.4,9.1,POINT (114.2514424053294 -7.008995802477903),2
AIS-1239,-5.705452048763804,106.90744387767602,2025-05-09 20:37:54,4,Pancing Ulur,Tuna,30.6,4.5,POINT (106.90744387767602 -5.705452048763804),2
AIS-1240,-7.242245141305698,113.43424840385578,2025-05-30 03:48:42,14,Gillnet,Cakalang,30.5,4.1,POINT (113.43424840385578 -7.242245141305698),2
AIS-1241,-6.579293715118551,112.30277789262291,2025-05-10 10:15:29,12,Gillnet,Cakalang,29.9,1.0,POINT (112.30277789262291 -6.579293715118551),2
AIS-1242,-7.376416320024807,114.39014313915496,2025-05-03 02:50:35,3,Rawai,Tongkol,28.0,7.5,POINT (114.39014313915496 -7.376416320024807),2
AIS-1243,-7.942837112929278,107.42696501959506,2025-05-27 23:40:06,7,Gillnet,Tuna,29.8,8.4,POINT (107.42696501959506 -7.942837112929278),1
AIS-1246,-8.185580063264673,110.62137761188887,2025-05-15 08:09:08,1,Rawai,Tuna,26.0,1.5,POINT (110.62137761188887 -8.185580063264673),1
AIS-1247,-6.045155330968954,105.14092121101682,2025-05-15 06:40:03,11,Gillnet,Bandeng,26.9,1.4,POINT (105.14092121101682 -6.045155330968954),0
AIS-1248,-5.570769962023488,105.3372332734601,2025-05-16 20:16:24,17,Rawai,Kerapu,28.7,9.1,POINT (105.3372332734601 -5.570769962023488),0
AIS-1250,-8.418270960123412,105.16043336860712,2025-05-17 20:31:23,8,Rawai,Tongkol,27.7,7.4,POINT (105.16043336860712 -8.418270960123412),1
AIS-1251,-6.383760087598114,110.68295028925505,2025-05-07 22:55:46,4,Gillnet,Tongkol,27.5,8.1,POINT (110.68295028925505 -6.383760087598114),2
AIS-1252,-8.143788950641014,105.13105645547888,2025-05-19 12:34:29,16,Gillnet,Cakalang,27.1,8.9,POINT (105.13105645547888 -8.143788950641014),1
AIS-1253,-5.850782579113113,110.70362202746996,2025-05-25 05:06:48,6,Gillnet,Cakalang,28.3,3.6,POINT (110.70362202746996 -5.850782579113113),0
AIS-1254,-7.676261383200004,105.97346928909296,2025-05-07 13:49:30,11,Gillnet,Tongkol,27.6,5.8,POINT (105.97346928909296 -7.676261383200004),1
AIS-1255,-5.648090253612462,110.0446688823341,2025-05-09 04:14:00,13,Rawai,Cakalang,29.8,3.1,POINT (110.0446688823341 -5.648090253612462),0
AIS-1256,-7.801516914110154,108.68743975740448,2025-05-07 06:17:55,5,Pukat Cincin,Bandeng,26.9,3.4,POINT (108.68743975740448 -7.801516914110154),1
AIS-1257,-5.887726632897795,107.72678005326398,2025-05-09 16:48:14,8,Pancing Ulur,Tongkol,27.4,2.9,POINT (107.72678005326398 -5.887726632897795),0
AIS-1260,-5.699457008447588,106.45539443070015,2025-05-21 15:16:22,3,Rawai,Cakalang,30.5,6.3,POINT (106.45539443070015 -5.699457008447588),2
AIS-1261,-5.591712338977592,108.1414234160338,2025-05-18 12:46:29,11,Pukat Cincin,Bandeng,30.5,5.9,POINT (108.1414234160338 -5.591712338977592),0
AIS-1262,-7.826908638648788,108.7487776510402,2025-05-16 12:17:06,13,Gillnet,Kerapu,30.4,2.9,POINT (108.7487776510402 -7.826908638648788),1
AIS-1263,-7.977493266904119,108.95587977757238,2025-05-08 11:06:26,12,Pukat Cincin,Kerapu,30.4,5.8,POINT (108.95587977757238 -7.977493266904119),1
AIS-1264,-7.341023408859768,113.80248915457578,2025-05-16 20:35:38,11,Gillnet,Tuna,30.6,2.6,POINT (113.80248915457578 -7.341023408859768),2
AIS-1265,-6.736382302336136,108.82072038624354,2025-05-18 05:38:27,3,Pukat Cincin,Tuna,27.6,4.7,POINT (108.82072038624354 -6.736382302336136),0
AIS-1266,-8.31958458719234,110.85569543344876,2025-05-22 18:55:54,9,Pukat Cincin,Tuna,26.1,5.4,POINT (110.85569543344876 -8.31958458719234),1
AIS-1270,-7.380858718151238,114.62198548444736,2025-05-22 00:55:52,16,Gillnet,Cakalang,29.7,4.3,POINT (114.62198548444736 -7.380858718151238),2
AIS-1271,-6.059839358525783,111.27764505503151,2025-05-28 20:17:10,12,Rawai,Tongkol,29.3,6.5,POINT (111.27764505503151 -6.059839358525783),2
AIS-1272,-6.74497735296584,109.02361270548737,2025-05-07 21:39:09,13,Gillnet,Tongkol,30.2,8.4,POINT (109.02361270548737 -6.74497735296584),2
AIS-1274,-7.146632882014168,113.75232162063644,2025-05-24 14:22:23,8,Pukat Cincin,Kerapu,28.0,6.5,POINT (113.75232162063644 -7.146632882014168),2
AIS-1275,-5.65155267787209,111.3084532824928,2025-05-22 19:31:31,3,Gillnet,Tongkol,29.2,7.9,POINT (111.3084532824928 -5.65155267787209),2
AIS-1276,-6.542809402229732,112.795582339083,2025-05-29 06:53:27,18,Pukat Cincin,Tuna,28.2,9.3,POINT (112.795582339083 -6.542809402229732),2
AIS-1277,-7.254578806831066,113.24697871288797,2025-05-23 04:47:31,18,Pancing Ulur,Bandeng,27.9,9.0,POINT (113.24697871288797 -7.254578806831066),2
AIS-1278,-6.175707573100816,112.41254043395617,2025-05-09 09:44:02,1,Gillnet,Tongkol,29.5,3.1,POINT (112.41254043395617 -6.175707573100816),2
AIS-1279,-8.476647433347757,107.97693401714425,2025-05-23 09:34:43,4,Gillnet,Bandeng,26.9,9.7,POINT (107.97693401714425 -8.476647433347757),1
AIS-1280,-5.550472525935177,113.43175571782284,2025-05-28 04:14:20,8,Pancing Ulur,Tongkol,27.4,4.4,POINT (113.43175571782284 -5.550472525935177),0
AIS-1281,-5.88133170116949,109.37036991053354,2025-05-06 12:57:45,4,Rawai,Tuna,28.6,4.6,POINT (109.37036991053354 -5.88133170116949),0
AIS-1282,-8.260615351145182,109.88874853748592,2025-05-19 14:09:17,2,Pukat Cincin,Tongkol,29.5,2.3,POINT (109.88874853748592 -8.260615351145182),1
AIS-1284,-6.143687916683961,112.56598794118896,2025-05-24 21:14:22,6,Pancing Ulur,Kerapu,27.7,7.3,POINT (112.56598794118896 -6.143687916683961),2
AIS-1286,-7.560024136732367,106.12132309130224,2025-05-08 14:57:02,12,Gillnet,Cakalang,27.6,3.9,POINT (106.12132309130224 -7.560024136732367),1
AIS-1290,-5.996468011568863,105.79493792562262,2025-05-21 08:56:59,8,Rawai,Kerapu,29.9,2.1,POINT (105.79493792562262 -5.996468011568863),0
AIS-1293,-8.419617429781795,110.57527976559612,2025-05-15 21:00:47,7,Rawai,Bandeng,27.0,4.0,POINT (110.57527976559612 -8.419617429781795),1
AIS-1294,-7.967816505869194,114.90902657264468,2025-05-19 08:50:54,10,Gillnet,Cakalang,29.9,0.6,POINT (114.90902657264468 -7.967816505869194),2
AIS-1296,-6.075416097945794,114.5727415586455,2025-05-02 05:52:19,16,Pukat Cincin,Tongkol,26.0,1.4,POINT (114.5727415586455 -6.075416097945794),0
AIS-1297,-7.335207230455394,105.38777729687146,2025-05-16 19:05:14,12,Pukat Cincin,Tuna,27.7,9.3,POINT (105.38777729687146 -7.335207230455394),1
AIS-1298,-6.6673647583455935,109.66863400825171,2025-05-10 03:36:09,5,Pancing Ulur,Kerapu,29.1,6.2,POINT (109.66863400825171 -6.6673647583455935),2
AIS-1299,-7.81681436470431,105.38614954032744,2025-05-24 06:07:32,12,Gillnet,Bandeng,30.6,8.2,POINT (105.38614954032744 -7.81681436470431),1
AIS-1301,-6.303561757472431,105.74572172423716,2025-05-06 22:11:24,9,Pancing Ulur,Bandeng,30.5,1.4,POINT (105.74572172423716 -6.303561757472431),0
AIS-1306,-8.460652003974111,108.18556835512427,2025-05-19 12:45:36,2,Pancing Ulur,Tuna,29.6,2.6,POINT (108.18556835512427 -8.460652003974111),1
AIS-1307,-5.975511909244555,110.72760981929343,2025-05-21 04:11:11,16,Pancing Ulur,Kerapu,27.3,6.4,POINT (110.72760981929343 -5.975511909244555),0
AIS-1308,-6.969655438107507,105.89010663863894,2025-05-25 07:02:37,12,Pancing Ulur,Tuna,26.6,3.1,POINT (105.89010663863894 -6.969655438107507),1
AIS-1310,-6.927013018572502,114.16846213876602,2025-05-30 23:21:47,6,Gillnet,Tuna,28.1,4.6,POINT (114.16846213876602 -6.927013018572502),2
AIS-1312,-6.302087686635914,112.17018683540414,2025-05-12 05:19:43,7,Gillnet,Bandeng,29.8,1.4,POINT (112.17018683540414 -6.302087686635914),2
AIS-1313,-8.160657552750465,105.5628026598898,2025-05-08 21:31:44,13,Gillnet,Cakalang,27.4,6.1,POINT (105.5628026598898 -8.160657552750465),1
AIS-1314,-7.729681073109534,109.06780168200578,2025-05-19 20:05:21,1,Pancing Ulur,Cakalang,27.3,2.2,POINT (109.06780168200578 -7.729681073109534),1
AIS-1316,-6.378688959977781,105.37209137266504,2025-05-12 13:04:40,12,Gillnet,Tongkol,28.8,5.3,POINT (105.37209137266504 -6.378688959977781),0
AIS-1318,-6.1648340241039605,112.36510131479562,2025-05-17 16:29:59,18,Pancing Ulur,Cakalang,28.8,9.7,POINT (112.36510131479562 -6.1648340241039605),2
AIS-1319,-7.9659881323848785,114.85417995486593,2025-05-04 01:07:03,1,Pukat Cincin,Bandeng,27.7,9.2,POINT (114.85417995486593 -7.9659881323848785),2
AIS-1320,-8.361707914625821,106.56269260451955,2025-05-28 03:26:52,7,Pancing Ulur,Kerapu,28.7,2.5,POINT (106.56269260451955 -8.361707914625821),1
AIS-1321,-7.08944499944037,105.25074525549653,2025-05-24 09:32:58,17,Gillnet,Tongkol,28.1,9.2,POINT (105.25074525549653 -7.08944499944037),1
AIS-1322,-7.3395106561508765,112.86610687236907,2025-05-13 03:13:20,11,Pancing Ulur,Bandeng,28.5,8.8,POINT (112.86610687236907 -7.3395106561508765),2
AIS-1323,-7.507146375760495,114.38477368761043,2025-05-15 16:03:42,15,Pukat Cincin,Tongkol,29.6,5.4,POINT (114.38477368761043 -7.507146375760495),2
AIS-1324,-7.564267571181409,113.56260279680112,2025-05-27 12:15:16,6,Rawai,Tuna,29.6,6.5,POINT (113.56260279680112 -7.564267571181409),2
AIS-1325,-7.037488208692469,106.4279836028385,2025-05-18 00:28:58,16,Gillnet,Tongkol,29.2,3.8,POINT (106.4279836028385 -7.037488208692469),1
AIS-1328,-6.1495802385959095,111.86580328156268,2025-05-28 09:51:45,13,Pancing Ulur,Tongkol,29.9,1.7,POINT (111.86580328156268 -6.1495802385959095),0
AIS-1329,-5.947721830526275,106.838482632747,2025-05-02 12:49:53,7,Gillnet,Bandeng,29.9,3.6,POINT (106.838482632747 -5.947721830526275),0
AIS-1330,-5.560446185949213,113.47547742824092,2025-05-25 09:42:06,15,Gillnet,Tongkol,29.2,0.7,POINT (113.47547742824092 -5.560446185949213),0
AIS-1331,-6.502509841708855,112.466948066919,2025-05-16 02:30:13,6,Rawai,Tuna,28.8,9.8,POINT (112.466948066919 -6.502509841708855),2
AIS-1332,-8.21313093410932,107.68283957166268,2025-05-04 17:01:49,8,Gillnet,Kerapu,28.8,3.1,POINT (107.68283957166268 -8.21313093410932),1
AIS-1334,-6.729736604148982,113.38309739407627,2025-05-18 16:58:36,1,Pancing Ulur,Cakalang,29.2,4.9,POINT (113.38309739407627 -6.729736604148982),2
AIS-1335,-6.692621493054897,111.27881401366535,2025-05-05 04:50:32,1,Pancing Ulur,Tuna,28.5,9.3,POINT (111.27881401366535 -6.692621493054897),2
AIS-1336,-7.2765868698377885,114.30054690961994,2025-05-21 12:19:47,15,Pukat Cincin,Tuna,28.6,9.4,POINT (114.30054690961994 -7.2765868698377885),2
AIS-1337,-5.8985912453238445,106.31152382334484,2025-05-10 19:38:09,14,Gillnet,Cakalang,30.4,5.8,POINT (106.31152382334484 -5.8985912453238445),0
AIS-1339,-6.460384826285889,114.46073560740273,2025-05-01 08:43:47,12,Gillnet,Bandeng,31.0,2.0,POINT (114.46073560740273 -6.460384826285889),2
AIS-1340,-5.819329941732157,110.14862693747006,2025-05-20 09:32:55,19,Rawai,Tongkol,28.7,7.9,POINT (110.14862693747006 -5.819329941732157),0
AIS-1341,-6.034405411634308,109.85054798294787,2025-05-19 17:03:47,7,Gillnet,Cakalang,27.4,9.0,POINT (109.85054798294787 -6.034405411634308),0
AIS-1342,-7.8281658856172385,105.0249031329602,2025-05-10 02:27:43,16,Pancing Ulur,Bandeng,26.8,2.5,POINT (105.0249031329602 -7.8281658856172385),1
AIS-1343,-5.691350095343243,111.10165452453502,2025-05-05 02:54:38,14,Pancing Ulur,Cakalang,27.9,9.2,POINT (111.10165452453502 -5.691350095343243),0
AIS-1346,-5.822753710600525,109.67972753767953,2025-05-16 19:25:14,17,Pancing Ulur,Kerapu,26.0,1.8,POINT (109.67972753767953 -5.822753710600525),0
AIS-1347,-7.645504306772246,113.7485214293238,2025-05-29 01:14:31,17,Rawai,Tongkol,29.5,9.3,POINT (113.7485214293238 -7.645504306772246),2
AIS-1348,-7.580959243131751,106.5537466082118,2025-05-22 01:18:54,19,Rawai,Bandeng,27.4,5.6,POINT (106.5537466082118 -7.580959243131751),1
AIS-1349,-5.67188861454988,114.30366046542426,2025-05-19 16:53:55,2,Gillnet,Bandeng,30.3,6.3,POINT (114.30366046542426 -5.67188861454988),2
AIS-1350,-6.570200823393256,113.5293210815388,2025-05-24 06:02:45,6,Pukat Cincin,Tuna,29.5,8.3,POINT (113.5293210815388 -6.570200823393256),2
AIS-1351,-7.302034298528625,113.2207762075714,2025-05-04 22:15:09,4,Pancing Ulur,Cakalang,27.1,9.7,POINT (113.2207762075714 -7.302034298528625),2
AIS-1352,-6.111561217686111,112.96693091584984,2025-05-09 06:04:32,16,Pancing Ulur,Cakalang,29.0,1.7,POINT (112.96693091584984 -6.111561217686111),0
AIS-1354,-7.721774775287691,109.13837999475432,2025-05-22 07:48:14,4,Pancing Ulur,Bandeng,29.5,8.3,POINT (109.13837999475432 -7.721774775287691),1
AIS-1357,-5.833103354118727,109.67042330259864,2025-05-22 01:41:20,12,Rawai,Tongkol,27.6,2.4,POINT (109.67042330259864 -5.833103354118727),0
AIS-1358,-5.848147441640943,110.53697014170976,2025-05-29 14:30:48,17,Pukat Cincin,Kerapu,26.0,6.8,POINT (110.53697014170976 -5.848147441640943),0
AIS-1360,-6.006981716455429,109.01843597176328,2025-05-11 19:45:39,1,Rawai,Tuna,29.1,4.0,POINT (109.01843597176328 -6.006981716455429),2
AIS-1361,-8.442976343474353,106.29905157455808,2025-05-13 18:55:13,5,Pukat Cincin,Kerapu,30.4,3.6,POINT (106.29905157455808 -8.442976343474353),1
AIS-1362,-5.611196302942701,107.07141899767107,2025-05-19 04:48:22,7,Pancing Ulur,Cakalang,26.1,7.1,POINT (107.07141899767107 -5.611196302942701),0
AIS-1363,-6.539679990544887,114.03624516536762,2025-05-13 02:15:47,18,Pukat Cincin,Cakalang,26.3,4.9,POINT (114.03624516536762 -6.539679990544887),0
AIS-1365,-7.653017624026044,113.84808141670128,2025-05-15 20:59:20,15,Gillnet,Tuna,28.4,7.4,POINT (113.84808141670128 -7.653017624026044),2
AIS-1367,-8.30574068930959,107.76127587252164,2025-05-09 13:34:19,7,Gillnet,Cakalang,26.3,0.6,POINT (107.76127587252164 -8.30574068930959),1
AIS-1368,-5.69981758876663,107.47731524521583,2025-05-15 04:45:50,17,Rawai,Tuna,27.1,7.2,POINT (107.47731524521583 -5.69981758876663),0
AIS-1371,-6.60847022676065,111.81086523724294,2025-05-23 16:14:31,7,Rawai,Tuna,30.6,8.0,POINT (111.81086523724294 -6.60847022676065),2
AIS-1373,-5.772996066262602,114.030047702149,2025-05-02 14:23:33,6,Gillnet,Bandeng,30.7,5.9,POINT (114.030047702149 -5.772996066262602),2
AIS-1375,-7.259706578267691,105.3886763912707,2025-05-29 16:00:49,6,Pukat Cincin,Bandeng,28.4,2.8,POINT (105.3886763912707 -7.259706578267691),1
AIS-1376,-6.11711454847819,107.60442793872612,2025-05-30 23:20:45,16,Pancing Ulur,Cakalang,29.7,6.3,POINT (107.60442793872612 -6.11711454847819),0
AIS-1377,-7.172163508413949,105.83928430600947,2025-05-19 04:20:28,14,Pancing Ulur,Kerapu,28.4,6.7,POINT (105.83928430600947 -7.172163508413949),1
AIS-1379,-6.760827931988869,108.69669806158528,2025-05-26 14:20:11,12,Pukat Cincin,Kerapu,26.7,9.9,POINT (108.69669806158528 -6.760827931988869),0
AIS-1381,-6.106876762432566,108.30413721962914,2025-05-15 23:42:15,7,Pukat Cincin,Tuna,26.3,8.6,POINT (108.30413721962914 -6.106876762432566),0
AIS-1387,-7.062528381050271,105.32507904330237,2025-05-01 09:29:12,9,Rawai,Kerapu,27.4,3.0,POINT (105.32507904330237 -7.062528381050271),1
AIS-1388,-5.9645169970377685,107.9864527225132,2025-05-13 00:55:04,14,Rawai,Cakalang,26.5,7.1,POINT (107.9864527225132 -5.9645169970377685),0
AIS-1390,-6.46503324871841,112.52423020306937,2025-05-28 03:48:04,10,Rawai,Bandeng,26.5,3.2,POINT (112.52423020306937 -6.46503324871841),0
AIS-1392,-6.130450898818356,114.15526926158284,2025-05-30 09:24:38,8,Gillnet,Bandeng,28.0,4.0,POINT (114.15526926158284 -6.130450898818356),2
AIS-1394,-5.591898603977254,110.035000199943,2025-05-16 21:17:31,12,Pukat Cincin,Cakalang,27.9,7.5,POINT (110.035000199943 -5.591898603977254),0
AIS-1395,-5.962052745771289,112.59489668922495,2025-05-12 16:59:08,9,Pukat Cincin,Tuna,27.9,2.2,POINT (112.59489668922495 -5.962052745771289),0
AIS-1396,-6.348879640186537,105.7877464884197,2025-05-20 15:59:55,6,Pancing Ulur,Kerapu,29.4,8.8,POINT (105.7877464884197 -6.348879640186537),1
AIS-1398,-6.064826569147881,114.23046786077464,2025-05-28 22:43:38,17,Pukat Cincin,Cakalang,26.1,8.0,POINT (114.23046786077464 -6.064826569147881),0
AIS-1399,-6.114800381648296,112.3257819263006,2025-05-23 01:55:16,8,Rawai,Kerapu,29.2,7.9,POINT (112.3257819263006 -6.114800381648296),2
AIS-1401,-6.12196275069045,105.35382966588548,2025-05-13 23:21:12,18,Pukat Cincin,Tuna,29.5,9.8,POINT (105.35382966588548 -6.12196275069045),0
AIS-1402,-8.335765893240627,110.7615902052836,2025-05-30 00:09:38,19,Rawai,Tongkol,29.0,6.8,POINT (110.7615902052836 -8.335765893240627),1
AIS-1403,-7.316212843555006,106.06848435020454,2025-05-09 14:35:26,13,Pancing Ulur,Tongkol,29.7,5.8,POINT (106.06848435020454 -7.316212843555006),1
AIS-1404,-8.362264175984368,108.61475026154042,2025-05-15 10:14:31,19,Pukat Cincin,Cakalang,26.1,7.9,POINT (108.61475026154042 -8.362264175984368),1
AIS-1406,-8.42322353083863,114.6229165321478,2025-05-02 01:07:24,8,Pukat Cincin,Bandeng,28.0,9.5,POINT (114.6229165321478 -8.42322353083863),2
AIS-1408,-5.720257962506336,106.36463340201114,2025-05-09 01:01:22,17,Rawai,Tuna,27.6,8.0,POINT (106.36463340201114 -5.720257962506336),0
AIS-1409,-8.061999629765532,105.70492714861057,2025-05-29 14:34:37,12,Pukat Cincin,Tuna,27.1,6.0,POINT (105.70492714861057 -8.061999629765532),1
AIS-1411,-5.524692091658649,106.106147281176,2025-05-27 16:08:33,14,Gillnet,Tuna,30.9,6.2,POINT (106.106147281176 -5.524692091658649),0
AIS-1412,-6.255745551833184,110.35503506113808,2025-05-24 01:48:10,14,Gillnet,Cakalang,29.9,4.2,POINT (110.35503506113808 -6.255745551833184),0
AIS-1414,-6.413104233384898,114.3110001907588,2025-05-17 05:25:27,9,Rawai,Bandeng,27.5,2.6,POINT (114.3110001907588 -6.413104233384898),2
AIS-1415,-5.978216298995614,107.36267887267807,2025-05-11 00:39:02,9,Pancing Ulur,Cakalang,27.4,3.7,POINT (107.36267887267807 -5.978216298995614),0
AIS-1417,-8.108063408016069,109.18732355058592,2025-05-29 02:17:24,5,Pancing Ulur,Kerapu,27.7,8.6,POINT (109.18732355058592 -8.108063408016069),1
AIS-1418,-6.4027722115658445,110.49668405708272,2025-05-10 22:25:16,9,Pancing Ulur,Cakalang,27.9,4.6,POINT (110.49668405708272 -6.4027722115658445),0
AIS-1419,-6.352474188432271,112.87244717565169,2025-05-12 07:02:31,3,Pancing Ulur,Cakalang,29.8,8.0,POINT (112.87244717565169 -6.352474188432271),2
AIS-1422,-8.33563865069792,113.355107373045,2025-05-22 04:51:10,18,Pancing Ulur,Kerapu,26.3,8.0,POINT (113.355107373045 -8.33563865069792),1
AIS-1423,-6.231022036729724,109.70931617237032,2025-05-07 01:40:05,18,Rawai,Kerapu,28.2,6.1,POINT (109.70931617237032 -6.231022036729724),0
AIS-1424,-5.676591222794462,114.05038072488377,2025-05-30 19:50:28,15,Pukat Cincin,Kerapu,26.1,3.5,POINT (114.05038072488377 -5.676591222794462),0
AIS-1425,-5.884500943509564,106.87160428313042,2025-05-01 07:05:38,9,Gillnet,Kerapu,29.3,3.4,POINT (106.87160428313042 -5.884500943509564),0
AIS-1426,-6.577873052797528,114.55413128881948,2025-05-28 22:59:13,4,Gillnet,Tongkol,30.7,9.5,POINT (114.55413128881948 -6.577873052797528),2
AIS-1428,-6.269432678115964,111.70158272450008,2025-05-10 18:39:42,2,Pancing Ulur,Cakalang,28.1,4.3,POINT (111.70158272450008 -6.269432678115964),2
AIS-1430,-5.785718099178521,106.56480859917704,2025-05-18 21:32:40,10,Pukat Cincin,Bandeng,30.3,6.7,POINT (106.56480859917704 -5.785718099178521),0
AIS-1431,-6.332230461396258,110.35997083952394,2025-05-14 01:18:20,17,Gillnet,Tongkol,27.3,5.2,POINT (110.35997083952394 -6.332230461396258),0
AIS-1435,-5.996049518747801,112.0596102366101,2025-05-24 18:17:00,19,Rawai,Tuna,29.2,1.7,POINT (112.0596102366101 -5.996049518747801),0
AIS-1436,-6.225126128128828,110.74760637826483,2025-05-10 08:03:47,1,Gillnet,Bandeng,29.7,8.5,POINT (110.74760637826483 -6.225126128128828),2
AIS-1437,-5.954584919873768,111.42624677637784,2025-05-29 22:15:01,15,Gillnet,Tuna,26.4,9.0,POINT (111.42624677637784 -5.954584919873768),0
AIS-1438,-6.143069820582548,108.4923852980083,2025-05-11 05:42:05,17,Pukat Cincin,Cakalang,26.7,7.8,POINT (108.4923852980083 -6.143069820582548),0
AIS-1439,-5.85327130375898,112.1645844946616,2025-05-15 03:38:29,8,Pukat Cincin,Tongkol,30.9,1.8,POINT (112.1645844946616 -5.85327130375898),2
AIS-1441,-7.1321172185641695,106.356648088409,2025-05-26 20:41:31,6,Gillnet,Tuna,26.1,10.0,POINT (106.356648088409 -7.1321172185641695),1
AIS-1443,-7.586994467196624,105.50013036573048,2025-05-04 07:00:56,8,Rawai,Kerapu,27.9,9.9,POINT (105.50013036573048 -7.586994467196624),1
AIS-1444,-6.255537316029168,110.19799031518728,2025-05-29 12:56:18,18,Pancing Ulur,Tuna,30.8,1.6,POINT (110.19799031518728 -6.255537316029168),0
AIS-1445,-6.097116542843153,107.65876925717107,2025-05-13 07:04:04,7,Pukat Cincin,Kerapu,26.1,2.6,POINT (107.65876925717107 -6.097116542843153),0
AIS-1446,-6.432494010351162,109.01887560685525,2025-05-24 20:05:51,12,Pancing Ulur,Tongkol,26.4,2.3,POINT (109.01887560685525 -6.432494010351162),0
AIS-1448,-5.9051506436910906,112.40043989533606,2025-05-24 01:31:49,18,Pancing Ulur,Cakalang,29.3,5.0,POINT (112.40043989533606 -5.9051506436910906),0
AIS-1449,-6.214060737395855,111.67918138753514,2025-05-25 22:59:53,2,Pukat Cincin,Tuna,28.3,3.5,POINT (111.67918138753514 -6.214060737395855),2
AIS-1450,-6.824803807599574,114.71796141011446,2025-05-08 04:24:38,17,Pancing Ulur,Tongkol,29.2,1.5,POINT (114.71796141011446 -6.824803807599574),2
AIS-1451,-5.966865113135078,106.61503585881862,2025-05-06 21:16:48,15,Pancing Ulur,Tongkol,28.9,1.3,POINT (106.61503585881862 -5.966865113135078),0
AIS-1452,-7.078698562892676,105.59276697118584,2025-05-22 13:26:02,2,Pukat Cincin,Tongkol,29.0,2.3,POINT (105.59276697118584 -7.078698562892676),1
AIS-1454,-8.209686283388121,107.21482786676933,2025-05-27 04:40:09,9,Pukat Cincin,Cakalang,27.5,9.0,POINT (107.21482786676933 -8.209686283388121),1
AIS-1455,-6.512293038403274,109.7209792770516,2025-05-04 14:18:48,17,Gillnet,Tongkol,26.0,3.1,POINT (109.7209792770516 -6.512293038403274),0
AIS-1456,-6.2171706125336215,107.78282887269624,2025-05-27 19:56:11,11,Pancing Ulur,Bandeng,29.7,2.9,POINT (107.78282887269624 -6.2171706125336215),0
AIS-1458,-5.892774853117782,110.81162906043218,2025-05-10 04:32:20,6,Pukat Cincin,Kerapu,28.0,2.6,POINT (110.81162906043218 -5.892774853117782),0
AIS-1460,-5.808348012548855,109.04594312222424,2025-05-15 00:44:58,8,Rawai,Kerapu,29.7,3.1,POINT (109.04594312222424 -5.808348012548855),0
AIS-1462,-6.049571944083666,113.51192992656924,2025-05-09 03:40:08,3,Pancing Ulur,Tuna,28.0,3.1,POINT (113.51192992656924 -6.049571944083666),2
AIS-1463,-7.817579313439229,105.58888118320596,2025-05-16 08:43:43,18,Gillnet,Cakalang,26.9,2.6,POINT (105.58888118320596 -7.817579313439229),1
AIS-1464,-6.230323183163955,112.41199327082514,2025-05-07 22:44:18,4,Pukat Cincin,Bandeng,28.5,9.0,POINT (112.41199327082514 -6.230323183163955),2
AIS-1465,-5.976549382521342,113.1893177893218,2025-05-12 14:08:28,9,Gillnet,Tongkol,30.4,9.0,POINT (113.1893177893218 -5.976549382521342),2
AIS-1467,-5.882658778503963,111.30634839542492,2025-05-02 13:55:22,17,Pukat Cincin,Tongkol,27.5,0.5,POINT (111.30634839542492 -5.882658778503963),0
AIS-1468,-6.584877667301588,112.0009302320719,2025-05-17 12:26:45,3,Rawai,Bandeng,28.4,6.6,POINT (112.0009302320719 -6.584877667301588),2
AIS-1469,-6.7454738028252175,108.82256607021444,2025-05-14 11:47:03,11,Rawai,Cakalang,30.4,3.1,POINT (108.82256607021444 -6.7454738028252175),2
AIS-1471,-8.460945310518847,114.46735334773912,2025-05-05 16:37:12,12,Pancing Ulur,Bandeng,28.6,8.1,POINT (114.46735334773912 -8.460945310518847),2
AIS-1472,-7.91504432215166,107.2812051866754,2025-05-19 03:43:47,13,Pancing Ulur,Bandeng,26.3,9.3,POINT (107.2812051866754 -7.91504432215166),1
AIS-1473,-5.552020832546038,108.8843321821501,2025-05-07 11:30:45,10,Gillnet,Cakalang,26.4,9.5,POINT (108.8843321821501 -5.552020832546038),0
AIS-1474,-5.7566986235915785,109.04492789089632,2025-05-12 15:28:14,19,Pukat Cincin,Cakalang,30.0,4.1,POINT (109.04492789089632 -5.7566986235915785),0
AIS-1475,-8.129279992641663,105.77107224869756,2025-05-09 20:41:07,1,Rawai,Tuna,26.9,6.8,POINT (105.77107224869756 -8.129279992641663),1
AIS-1476,-8.330753355998363,106.73505944183913,2025-05-28 17:46:43,3,Pukat Cincin,Tongkol,28.3,6.9,POINT (106.73505944183913 -8.330753355998363),1
AIS-1477,-6.286471383986406,111.0374146285854,2025-05-21 06:38:42,11,Gillnet,Kerapu,28.7,4.8,POINT (111.0374146285854 -6.286471383986406),0
AIS-1479,-7.618741167991514,106.8242521955022,2025-05-03 12:27:11,14,Rawai,Tongkol,30.7,6.4,POINT (106.8242521955022 -7.618741167991514),1
AIS-1480,-5.696092992343742,113.41652595147048,2025-05-23 06:45:24,15,Rawai,Bandeng,29.9,9.1,POINT (113.41652595147048 -5.696092992343742),2
AIS-1482,-7.628785439970132,105.65233520127478,2025-05-22 12:17:29,15,Gillnet,Kerapu,29.2,4.5,POINT (105.65233520127478 -7.628785439970132),1
AIS-1483,-6.660437402912728,114.24120926435546,2025-05-20 00:37:09,15,Pukat Cincin,Bandeng,28.7,6.7,POINT (114.24120926435546 -6.660437402912728),2
AIS-1486,-7.460967556792642,105.79708309547242,2025-05-25 12:49:01,16,Pancing Ulur,Bandeng,26.3,1.9,POINT (105.79708309547242 -7.460967556792642),1
AIS-1487,-7.732195051544973,106.13049407310494,2025-05-22 17:04:14,2,Pukat Cincin,Bandeng,26.5,6.1,POINT (106.13049407310494 -7.732195051544973),1
AIS-1488,-5.98578627094313,113.88674615328644,2025-05-06 23:52:02,5,Rawai,Bandeng,30.0,1.3,POINT (113.88674615328644 -5.98578627094313),2
AIS-1490,-7.110911214278294,114.10651241248723,2025-05-14 02:11:15,14,Pukat Cincin,Cakalang,30.6,2.4,POINT (114.10651241248723 -7.110911214278294),2
AIS-1492,-7.970524323644524,107.48827873817478,2025-05-11 03:27:58,14,Rawai,Tuna,27.2,9.8,POINT (107.48827873817478 -7.970524323644524),1
AIS-1493,-5.645296541168673,111.9342443259596,2025-05-14 20:25:32,18,Gillnet,Tongkol,26.1,0.7,POINT (111.9342443259596 -5.645296541168673),0
AIS-1494,-5.562803669041505,106.03872007326818,2025-05-20 00:45:56,6,Pancing Ulur,Kerapu,30.9,7.7,POINT (106.03872007326818 -5.562803669041505),2
AIS-1495,-7.778389747963777,114.52748425520082,2025-05-18 20:04:00,14,Pancing Ulur,Kerapu,30.0,7.7,POINT (114.52748425520082 -7.778389747963777),2
AIS-1496,-6.860316692351426,105.81122098301368,2025-05-28 04:28:50,10,Gillnet,Kerapu,28.8,1.8,POINT (105.81122098301368 -6.860316692351426),1
AIS-1499,-5.853476418431824,108.1791900594522,2025-05-22 01:43:52,4,Pancing Ulur,Tongkol,30.5,7.3,POINT (108.1791900594522 -5.853476418431824),2
AIS-1500,-6.557322293754629,112.14888049320912,2025-05-04 06:22:39,9,Pukat Cincin,Cakalang,26.1,4.0,POINT (112.14888049320912 -6.557322293754629),0
AIS-1502,-7.908805377946006,114.79342256838328,2025-05-07 12:52:11,5,Rawai,Kerapu,27.6,2.5,POINT (114.79342256838328 -7.908805377946006),2
AIS-1504,-7.701657698431389,106.08921014128794,2025-05-16 15:35:15,7,Rawai,Tongkol,28.9,1.8,POINT (106.08921014128794 -7.701657698431389),1
AIS-1506,-7.873155206825718,108.8389173788587,2025-05-22 05:30:32,2,Pukat Cincin,Kerapu,28.0,2.7,POINT (108.8389173788587 -7.873155206825718),1
AIS-1507,-6.359697934452275,111.35499735195842,2025-05-08 23:47:07,16,Pancing Ulur,Bandeng,27.7,5.3,POINT (111.35499735195842 -6.359697934452275),0
AIS-1508,-8.028238929188955,108.84763508066904,2025-05-16 15:55:38,3,Rawai,Kerapu,29.5,4.0,POINT (108.84763508066904 -8.028238929188955),1
AIS-1510,-5.898266430690828,111.02653255245048,2025-05-17 20:42:21,1,Rawai,Tongkol,27.5,2.1,POINT (111.02653255245048 -5.898266430690828),0
AIS-1511,-5.572777205472157,109.04148610046222,2025-05-23 14:09:02,1,Rawai,Tongkol,30.2,6.4,POINT (109.04148610046222 -5.572777205472157),2
AIS-1512,-5.984807703373542,109.31068076332753,2025-05-28 11:54:49,6,Rawai,Bandeng,29.6,5.7,POINT (109.31068076332753 -5.984807703373542),2
AIS-1513,-6.921207803652116,105.2760818217084,2025-05-13 18:52:40,16,Rawai,Bandeng,29.4,4.3,POINT (105.2760818217084 -6.921207803652116),1
AIS-1514,-6.28236314523528,113.93714820625748,2025-05-21 00:35:32,10,Pukat Cincin,Cakalang,26.1,3.5,POINT (113.93714820625748 -6.28236314523528),0
AIS-1515,-8.08221060925174,110.1479426462606,2025-05-08 03:53:18,19,Rawai,Cakalang,27.9,7.0,POINT (110.1479426462606 -8.08221060925174),1
AIS-1516,-5.59654694803954,106.3731147766472,2025-05-04 18:50:20,6,Pancing Ulur,Kerapu,28.0,1.6,POINT (106.3731147766472 -5.59654694803954),0
AIS-1517,-7.704987512654309,106.86673136892658,2025-05-25 21:25:21,11,Gillnet,Bandeng,30.4,9.3,POINT (106.86673136892658 -7.704987512654309),1
AIS-1518,-7.581570984456746,107.53865901192547,2025-05-20 21:27:12,16,Rawai,Cakalang,27.2,9.2,POINT (107.53865901192547 -7.581570984456746),1
AIS-1520,-7.142579816762698,113.9194560507538,2025-05-16 04:28:09,5,Pancing Ulur,Tuna,30.3,0.9,POINT (113.9194560507538 -7.142579816762698),2
AIS-1521,-8.259308873486184,105.3059243998129,2025-05-10 00:25:15,2,Rawai,Tuna,27.4,5.4,POINT (105.3059243998129 -8.259308873486184),1
AIS-1522,-5.577356541683953,108.05385477526374,2025-05-09 20:44:40,7,Pancing Ulur,Kerapu,26.5,0.7,POINT (108.05385477526374 -5.577356541683953),0
AIS-1523,-6.172248409186306,108.4782404665454,2025-05-21 15:54:44,12,Gillnet,Tuna,30.6,9.8,POINT (108.4782404665454 -6.172248409186306),2
AIS-1524,-6.741560947939122,109.6536824167176,2025-05-30 18:14:58,6,Pancing Ulur,Bandeng,29.2,2.1,POINT (109.6536824167176 -6.741560947939122),2
AIS-1525,-6.271475007974269,110.06065568709305,2025-05-12 23:11:05,4,Pancing Ulur,Cakalang,30.0,8.2,POINT (110.06065568709305 -6.271475007974269),2
AIS-1527,-6.693908795771749,109.95990118626963,2025-05-18 07:38:19,11,Pancing Ulur,Cakalang,26.8,3.7,POINT (109.95990118626963 -6.693908795771749),0
AIS-1529,-5.714673712392155,113.1400414939492,2025-05-29 20:14:03,18,Pukat Cincin,Cakalang,26.7,9.6,POINT (113.1400414939492 -5.714673712392155),0
AIS-1530,-6.613610110633325,114.61360364401024,2025-05-23 06:38:07,11,Pancing Ulur,Cakalang,27.7,9.6,POINT (114.61360364401024 -6.613610110633325),2
AIS-1531,-7.870402805607017,106.26429385708984,2025-05-04 06:47:10,10,Pukat Cincin,Tuna,26.3,6.2,POINT (106.26429385708984 -7.870402805607017),1
AIS-1532,-7.780772307141175,109.01356043532516,2025-05-06 17:52:07,8,Pancing Ulur,Cakalang,29.2,3.1,POINT (109.01356043532516 -7.780772307141175),1
AIS-1534,-6.482659044388611,113.49840164393332,2025-05-20 11:38:29,2,Gillnet,Bandeng,28.5,8.3,POINT (113.49840164393332 -6.482659044388611),2
AIS-1535,-7.910821156559296,114.52077053018182,2025-05-08 15:29:01,2,Rawai,Bandeng,26.6,1.1,POINT (114.52077053018182 -7.910821156559296),2
AIS-1536,-7.616579577796305,105.74770112720472,2025-05-08 15:18:16,18,Rawai,Bandeng,27.0,4.8,POINT (105.74770112720472 -7.616579577796305),1
AIS-1537,-7.586248105738843,107.4450128752084,2025-05-13 06:10:29,15,Pukat Cincin,Tuna,29.0,8.6,POINT (107.4450128752084 -7.586248105738843),1
AIS-1538,-8.021239322487755,108.33014096043983,2025-05-08 22:16:34,8,Rawai,Tongkol,26.6,3.4,POINT (108.33014096043983 -8.021239322487755),1
AIS-1539,-5.964248292500184,113.80705486201612,2025-05-05 14:07:45,5,Pukat Cincin,Tongkol,28.3,9.5,POINT (113.80705486201612 -5.964248292500184),2
AIS-1542,-6.705291460549924,110.4299013115256,2025-05-08 21:53:58,7,Gillnet,Bandeng,27.3,7.2,POINT (110.4299013115256 -6.705291460549924),2
AIS-1546,-7.971965836235966,106.79247587383163,2025-05-02 18:01:51,3,Rawai,Tongkol,27.4,5.6,POINT (106.79247587383163 -7.971965836235966),1
AIS-1547,-6.911864453234713,105.83919253750214,2025-05-08 17:44:46,17,Pancing Ulur,Tuna,28.1,1.2,POINT (105.83919253750214 -6.911864453234713),1
AIS-1549,-7.64544761336315,105.15025675929198,2025-05-07 15:07:25,19,Gillnet,Bandeng,27.7,3.8,POINT (105.15025675929198 -7.64544761336315),1
AIS-1550,-5.611948397862517,106.070626409263,2025-05-24 11:18:14,7,Pancing Ulur,Kerapu,30.1,5.1,POINT (106.070626409263 -5.611948397862517),0
AIS-1551,-5.782229948603769,112.93580597030576,2025-05-15 13:35:25,4,Pukat Cincin,Tuna,31.0,9.7,POINT (112.93580597030576 -5.782229948603769),2
AIS-1553,-6.486298433277185,109.56794664397964,2025-05-10 00:55:37,5,Rawai,Bandeng,29.3,3.9,POINT (109.56794664397964 -6.486298433277185),2
AIS-1556,-7.174153639679491,114.63190489684692,2025-05-15 14:10:07,11,Rawai,Tuna,30.2,6.8,POINT (114.63190489684692 -7.174153639679491),2
AIS-1557,-7.911430247802662,107.53749073371988,2025-05-22 13:00:01,12,Rawai,Cakalang,26.8,9.7,POINT (107.53749073371988 -7.911430247802662),1
AIS-1558,-8.062876062864403,106.5250759346608,2025-05-02 08:48:42,16,Pancing Ulur,Cakalang,27.5,7.0,POINT (106.5250759346608 -8.062876062864403),1
AIS-1559,-8.410084862478056,108.05454021991234,2025-05-05 06:23:30,18,Rawai,Kerapu,30.1,6.6,POINT (108.05454021991234 -8.410084862478056),1
AIS-1560,-8.477543922091137,107.59051642198288,2025-05-29 21:02:47,11,Pukat Cincin,Tongkol,27.2,9.7,POINT (107.59051642198288 -8.477543922091137),1
AIS-1561,-7.676126814942223,105.45674510985974,2025-05-23 05:58:14,19,Pukat Cincin,Tongkol,29.0,8.3,POINT (105.45674510985974 -7.676126814942223),1
AIS-1562,-8.341709473887164,107.91555472198132,2025-05-01 00:18:31,14,Pancing Ulur,Tongkol,27.6,0.6,POINT (107.91555472198132 -8.341709473887164),1
AIS-1564,-6.19314669566586,113.82875234486237,2025-05-27 07:13:51,2,Pukat Cincin,Tongkol,27.2,4.7,POINT (113.82875234486237 -6.19314669566586),2
AIS-1568,-6.729980750418001,112.0097246451386,2025-05-07 15:35:36,5,Rawai,Kerapu,28.5,0.7,POINT (112.0097246451386 -6.729980750418001),2
AIS-1569,-6.992930408946309,114.07944730819456,2025-05-07 11:25:31,5,Pukat Cincin,Bandeng,27.1,4.6,POINT (114.07944730819456 -6.992930408946309),2
AIS-1571,-7.966047205906658,106.18853788168109,2025-05-01 17:28:07,19,Pukat Cincin,Tongkol,28.4,4.1,POINT (106.18853788168109 -7.966047205906658),1
AIS-1572,-5.789795026558751,113.96155368179105,2025-05-04 11:14:19,8,Pancing Ulur,Tuna,26.6,9.3,POINT (113.96155368179105 -5.789795026558751),2
